{
    "meta": {
      "domain": "https://beatup.cl",
      "websiteName": "Beatup",
      "keywords": "Beatup, Beats, musica urbana, generos"
    },
    "bpm": {
      "1": {
        "text": "60-70",
        "icon": "mdi-emoticon-happy-outline"
      },
      "2": {
        "text": "70-80",
        "icon": "mdi-emoticon-outline"
      },
      "3": {
        "text": "80-90",
        "icon": "mdi-emoticon-excited-outline"
      },
      "4": {
        "text": "90-100",
        "icon": "mdi-emoticon-cool-outline"
      },
      "5": {
        "text": "100-110",
        "icon": "mdi-pirate"
      },
      "6": {
        "text": "110-120",
        "icon": "mdi-emoticon-sad-outline"
      },
      "7": {
        "text": "120-130",
        "icon": "mdi-emoticon-cry-outline"
      },
      "8": {
        "text": "130-140",
        "icon": "mdi-emoticon-confused-outline"
      },
      "9": {
        "text": "140-150",
        "icon": "mdi-emoticon-angry-outline"
      },
      "10": {
        "text": "150-160",
        "icon": "mdi-emoticon-neutral-outline"
      },
      "11": {
        "text": "Todo",
        "icon": "mdi-drama-masks"
      }
    }
  }
  