{
    "meta": {
      "domain": "https://beatup.cl",
      "websiteName": "Beatup",
      "keywords": "Beatup, Beats, musica urbana, moods"
    },
    "moods": {
      "1": {
        "text": "Feliz",
        "icon": "mdi-emoticon-happy-outline",
        "src": "feliz.png"
      },
      "2": {
        "text": "Contento",
        "icon": "mdi-emoticon-outline",
        "src": "contento.png"
      },
      "3": {
        "text": "Extasiado",
        "icon": "mdi-emoticon-excited-outline",
        "src": "extasiado.png"
      },
      "4": {
        "text": "Estiloso",
        "icon": "mdi-emoticon-cool-outline",
        "src": "estiloso.png"
      },
      "5": {
        "text": "Misterioso",
        "icon": "mdi-pirate",
        "src": "misterioso.png"
      },
      "6": {
        "text": "Desanimado",
        "icon": "mdi-emoticon-sad-outline",
        "src": "desanimado.png"
      },
      "7": {
        "text": "Triste",
        "icon": "mdi-emoticon-cry-outline",
        "src": "triste.png"
      },
      "8": {
        "text": "Melancólico",
        "icon": "mdi-emoticon-confused-outline",
        "src": "melancolico.png"
      },
      "9": {
        "text": "Enojado",
        "icon": "mdi-emoticon-angry-outline",
        "src": "enojado.png"
      },
      "10": {
        "text": "Indiferente",
        "icon": "mdi-emoticon-neutral-outline",
        "src": "indiferente.png"
      },
      "11": {
        "text": "Tripeado",
        "icon": "mdi-drama-masks",
        "src": "tripeado.png"
      }
    }
  }
  